{
  "project_info": {
    "project_number": "625355128624",
    "project_id": "blood-app-cb1cf",
    "storage_bucket": "blood-app-cb1cf.appspot.com"
  },
  "client": [
    {
      "client_info": {
        "mobilesdk_app_id": "1:625355128624:android:246d8bd144925bd14192f5",
        "android_client_info": {
          "package_name": "com.example.blood_donate"
        }
      },
      "oauth_client": [
        {
          "client_id": "625355128624-gvlcrmfoihoqk7hi038fgst5vcqoqdqa.apps.googleusercontent.com",
          "client_type": 3
        }
      ],
      "api_key": [
        {
          "current_key": "AIzaSyA8gtINUT8wRwXtaROfx5jBq07HKWyvPtM"
        }
      ],
      "services": {
        "appinvite_service": {
          "other_platform_oauth_client": [
            {
              "client_id": "625355128624-gvlcrmfoihoqk7hi038fgst5vcqoqdqa.apps.googleusercontent.com",
              "client_type": 3
            }
          ]
        }
      }
    }
  ],
  "configuration_version": "1"
}